time;delayMs;Util;dropProb;reward
0;0.0;0.9998151063919067;0.0;0.9999075531959534
